{"cameraMode":{"drawMode":0,"name":"Shaded","section":"Shading Mode"},"sceneLighting":true,"audioPlay":false,"sceneViewState":{"m_AlwaysRefresh":false,"showFog":true,"showSkybox":true,"showFlares":true,"showImageEffects":true,"showParticleSystems":true,"showVisualEffectGraphs":true,"m_FxEnabled":true},"in2DMode":false,"pivot":{"x":838.5968627929688,"y":47.63908386230469,"z":3526.021728515625},"rotation":{"x":0.12361741811037064,"y":-0.09424926340579987,"z":0.011802582070231438,"w":0.9877857565879822},"size":1.872124433517456,"orthographic":false}